NO.,Repeating units,DFT band gap/eV,SMILES
1,CH2-CO-NH-CS,2.691,*-CC(=O)NC(-*)=S
2,CH2-CS-C6H4-O,2.041,*-CC(=S)C1=CC=C(O-*)C=C1
3,C6H4-C6H4-C4H2S-CS,1.807,*-C(=S)C1=CC=C(S1)C1=CC=C(C=C1)C1=CC=C(-*)C=C1
4,CO-O-C4H2S-CS,1.918,*-C(=O)OC1=CC=C(S1)C(-*)=S
5,C6H4-CS-C4H2S-O,1.93,*-OC1=CC=C(S1)C(=S)C1=CC=C(-*)C=C1
6,CO-C6H4-O-CS,2.772,*-C(=S)OC1=CC=C(C=C1)C(-*)=O
7,C6H4-O-CS-C4H2S,2.537,*-C1=CC=C(S1)C(=S)OC1=CC=C(-*)C=C1
8,C6H4-C4H2S-C6H4-C4H2S,2.645,*-C1=CC=C(S1)C1=CC=C(C=C1)C1=CC=C(S1)C1=CC=C(-*)C=C1
9,NH-C4H2S-CO-C4H2S,2.678,*-NC1=CC=C(S1)C(=O)C1=CC=C(-*)S1
10,CH2-NH-C4H2S-CS,2.063,*-CNC1=CC=C(S1)C(-*)=S
11,NH-C6H4-CO-C6H4,3.042,*-NC1=CC=C(C=C1)C(=O)C1=CC=C(-*)C=C1
12,NH-CO-CS-C4H2S,1.701,*-NC(=O)C(=S)C1=CC=C(-*)S1
13,CO-C6H4-O-C4H2S,3.41,*-C(=O)C1=CC=C(OC2=CC=C(-*)S2)C=C1
14,C6H4-CS-C4H2S-CS,1.332,*-C(=S)C1=CC=C(S1)C(=S)C1=CC=C(-*)C=C1
15,CH2-C4H2S-NH-C4H2S,3.092,*-CC1=CC=C(NC2=CC=C(-*)S2)S1
16,CH2-C4H2S-C6H4-C4H2S,2.872,*-CC1=CC=C(S1)C1=CC=C(C=C1)C1=CC=C(-*)S1
17,CH2-NH-C6H4-CO,3.226,*-CNC1=CC=C(C=C1)C(-*)=O
18,CO-C6H4-C4H2S-CS,1.699,*-C(=S)C1=CNC=C1C1=CC=C(C=C1)C(-*)=O
19,C6H4-C6H4-CS-O,2.623,*-OC(=S)C1=CC=CC(=C1)C1=CC=C(-*)C=C1
20,CH2-NH-C4H2S-C6H4,2.951,*-CNC1=CC=C(S1)C1=CC=C(-*)C=C1
21,NH-C4H2S-C4H2S-CH2,2.919,*-CC1=CC=C(S1)C1=CC=C(N-*)S1
22,CH2-C4H2S-C6H4-CS,1.841,*-CC1=CC=C(S1)C1=CC=C(C=C1)C(-*)=S
23,CH2-NH-CS-C6H4,2.737,*-CNC(=S)C1=CC=C(-*)C=C1
24,CH2-C6H4-C4H2S-C6H4,2.96,*-CC1=CC=C(C=C1)C1=CC=C(S1)C1=CC=C(-*)C=C1
25,NH-CO-C4H2S-C6H4,3.244,*-NC(=O)C1=CC=C(S1)C1=CC=C(-*)C=C1
26,NH-CO-CS-CO,1.441,*-NC(=O)C(=S)C(-*)=O
27,CO-C6H4-C6H4-C6H4,2.993,*-C(=O)C1=CC=C(C=C1)C1=CC=C(C=C1)C1=CC=C(-*)C=C1
28,CH2-CH2-C4H2S-O,4.186,*-CCC1=CC=C(O-*)S1
29,NH-CS-CO-CS,1.512,*-NC(=S)C(=O)C(-*)=S
30,CH2-C6H4-CS-O,2.729,*-CC1=CC=C(C=C1)C(=S)O-*
31,CH2-CO-C4H2S-CS,1.647,*-CC(=O)C1=CC=C(S1)C(-*)=S
32,C4H2S-C4H2S-C4H2S-O,2.267,*-OC1=CC=C(S1)C1=CC=C(S1)C1=CC=C(-*)S1
33,CO-C4H2S-C6H4-CS,1.708,*-C(=O)C1=CC=C(S1)C1=CC=C(C=C1)C(-*)=S
34,CH2-C6H4-NH-O,4.141,*-CC1=CC=C(NO-*)C=C1
35,NH -CS -NH -CS,2.491,*-NC(=S)NC(-*)=S
36,CH2 -NH -CS -NH,4.019,*-CNC(=S)N-*
37,NH -C4H2S -C4H2S -CO,2.521,*-NC1=CC=C(S1)C1=CC=C(S1)C(-*)=O
38,CH2 -C4H2S -CS - O,2.659,*-CC1=CC=C(S1)C(=S)O-*
39,NH -CO -C4H2S - O,3.567,*-NC(=O)C1=CC=C(O-*)S1
40,CH2 -C4H2S -C6H4 - O,3.375,*-CC1=CC=C(S1)C1=CC=C(O-*)C=C1
41,C6H4 -C6H4 -C6H4 -C4H2S,3.046,*-C1=CC=C(S1)C1=CC=C(C=C1)C1=CC=C(C=C1)C1=CC=C(-*)C=C1
42,NH -C6H4 -CO - O,3.667,*-NC1=CC=C(C=C1)C(=O)O-*
43,NH -C4H2S -CO - O,3.84,*-NC1=CC=C(S1)C(=O)O-*
44,NH -CS -NH -C6H4,3.426,*-NC(=S)NC1=CC=C(-*)C=C1
45,CO -CS - O -CS,1.532,*-C(=S)OC(=S)C(-*)=O
46,CH2 -NH -CH2 -CS,2.141,*-CNCC(-*)=S
47,CH2 -CH2 -NH -C6H4,4.005,*-CCNC1=CC=C(-*)C=C1
48,C4H2S -C4H2S -C4H2S -CS,1.686,*-C(=S)C1=CC=C(S1)C1=CC=C(S1)C1=CC=C(-*)S1
49,CH2 -C6H4 -C6H4 - O,3.823,*-CC1=CC=C(C=C1)C1=CC=C(O-*)C=C1
50,CH2 -CO -C6H4 -CS,1.741,*-CC(=O)C1=CC=C(C=C1)C(-*)=S
51,CO -C6H4 -C6H4 -CS,1.8,*-C(=O)C1=CC=C(C=C1)C1=CC=C(C=C1)C(-*)=S
52,CH2 -CH2 -CH2 -CS,2.315,*-CCCC(-*)=S
53,CH2 -C6H4 -CH2 - O,4.867,*-CC1=CC=C(CO-*)C=C1
54,CH2 - O -CO - O,6.933,*-COCC(=O)O-*
55,NH -C6H4 -CS -C6H4,1.924,*-NC1=CC=C(C=C1)C(=S)C1=CC=C(-*)C=C1
56,CH2 -CO -C6H4 - O,3.499,*-CC(=O)C1=CC=C(O-*)C=C1
57,CH2 -NH -C4H2S -NH,3.701,*-CNC1=CC=C(N-*)S1
58,CH2 -C6H4 -CO - O,4.293,*-CC1=CC=C(C=C1)C(=O)O-*
59,NH -C4H2S -NH -CS,3.123,*-NC1=CC=C(NC(-*)=S)S1
60,CO -C6H4 -C4H2S - O,2.59,*-OC1=CC=C(S1)C1=CC=C(C=C1)C(-*)=O
61,NH -C4H2S - O -C4H2S,3.878,*-NC1=CC=C(OC2=CC=C(-*)S2)S1
62,CH2 -NH -CH2 -CO,3.842,*-CNCC(-*)=O
63,NH -CO -NH -C6H4,4.455,*-NC(=O)NC1=CC=C(-*)C=C1
64,CH2 -C6H4 -NH -CS,2.96,*-CC1=CC=C(NC(-*)=S)C=C1
65,CH2 -CH2 -CH2 - O,6.863,*-CCCO-*
66,CH2 -CS -CH2 - O,2.411,*-CC(=S)CO-*
67,NH -C6H4 -C6H4 - O,3.619,*-NC1=CC=C(C=C1)C1=CC=C(O-*)C=C1
68,CH2 -C4H2S -NH -CS,3.025,*-CC1=CC=C(NC(-*)=S)S1
69,CH2 -C6H4 - O -C4H2S,4.281,*-CC1=CC=C(OC2=CC=C(-*)S2)C=C1
70,CH2 -CH2 -CO -C6H4,3.407,*-CCC(=O)C1=CC=C(-*)C=C1
71,CO -C4H2S -C4H2S -CS,1.599,*-C(=O)C1=CC=C(S1)C1=CC=C(S1)C(-*)=S
72,CH2 -C6H4 - O -C6H4,4.132,*-CC1=CC=C(OC2=CC=C(-*)C=C2)C=C1
73,CO -C4H2S -C6H4 - O,2.74,*-OC1=CC=C(C=C1)C1=CC=C(S1)C(-*)=O
74,CO -C4H2S -CO - O,2.93,*-OC(=O)C1=CC=C(S1)C(-*)=O
75,CH2 -CS -C4H2S - O,2.028,*-CC(=S)C1=CC=C(O-*)S1
76,CH2 - O -C4H2S -C6H4,3.24,*-COC1=CC=C(S1)C1=CC=C(-*)C=C1
77,CH2 -C4H2S -CO -C4H2S,3.095,*-CC1=CC=C(S1)C(=O)C1=CC=C(-*)S1
78,CO -C6H4 -CO - O,2.979,*-OC(=O)C1=CC=C(C=C1)C(-*)=O
79,CH2 -CH2 -CO -C4H2S,3.376,*-CCC(=O)C1=CC=C(-*)S1
80,CH2 -CO -CS -C6H4,1.754,*-CC(=O)C(=S)C1=CC=C(-*)C=C1
81,CH2 -CS -CO - O,1.599,*-CC(=S)C(=O)O-*
82,NH -C4H2S -NH -C4H2S,3.515,*-NC1=CC=C(NC2=CC=C(-*)S2)S1
83,C6H4 -CS -C6H4 -CS,1.511,*-C(=S)C1=CC=C(C=C1)C(=S)C1=CC=C(-*)C=C1
84,CH2 -C6H4 -CH2 -C6H4,4.691,*-CC1=CC=C(CC2=CC=C(-*)C=C2)C=C1
85,CH2 -C4H2S - O -CS,3.061,*-CC1=CC=C(OC(-*)=S)S1
86,CO -C6H4 -C6H4 -C4H2S,2.705,*-C(=O)C1=CC=C(C=C1)C1=CC=C(C=C1)C1=CC=C(-*)S1
87,CH2 -CH2 -NH -C4H2S,3.931,*-CCNC1=CC=C(-*)S1
88,CH2 -CH2 -CO - O,5.794,*-CCC(=O)O-*
89,CH2 -CO -CS -C4H2S,1.651,*-CC(=O)C(=S)C1=CC=C(-*)S1
90,CH2 -C6H4 -CH2 -CS,2.354,*-CC1=CC=C(CC(-*)=S)C=C1
91,CH2 -C6H4 -NH -C6H4,3.57,*-CC1=CC=C(NC2=CC=C(-*)C=C2)C=C1
92,C6H4 -C4H2S -C6H4 - O,2.904,*-OC1=CC=C(C=C1)C1=CC=C(S1)C1=CC=C(-*)C=C1
93,C6H4 -C4H2S - O -CS,2.824,*-C(=S)OC1=CC=C(S1)C1=CC=C(-*)C=C1
94,CH2 -C4H2S -C4H2S -CS,1.762,*-CC1=CC=C(S1)C1=CC=C(S1)C(-*)=S
95,CH2 -CO -CH2 - O,4.348,*-CC(=O)CO-*
96,C6H4 -C4H2S -C4H2S -C4H2S,2.321,*-C1=CC=C(S1)C1=CC=C(S1)C1=CC=C(S1)C1=CC=C(-*)C=C1
97,CH2 -C4H2S -NH - O,3.964,*-CC1=CC=C(NO-*)S1
98,CH2 -CO -C6H4 -C4H2S,3.001,*-CC(=O)C1=CC=C(C=C1)C1=CC=C(-*)S1
99,NH -CO - O -C4H2S,4.288,*-NC(=O)OC1=CC=C(-*)S1
100,CH2 -C4H2S -CO - O,3.772,*-CC1=CC=C(S1)C(=O)O-*
101,CH2 -CS -C6H4 -NH,2.063,*-CC(=S)C1=CC=C(N-*)C=C1
102,CO - O -C6H4 -CS,1.932,*-C(=O)OC1=CC=C(C=C1)C(-*)=S
103,NH -CO -C4H2S -CS,1.773,*-NC(=O)C1=CC=C(S1)C(-*)=S
104,NH -CO - O -CS,2.917,*-NC(=O)OC(-*)=S
105,CH2 -NH -CS -CO,2.093,*-CNC(=S)C(-*)=O
106,CH2 -CO -C4H2S - O,3.32,*-CC(=O)C1=CC=C(O-*)S1
107,CH2 -CH2 -C6H4 - O,4.351,*-CCC1=CC=C(O-*)C=C1
108,CH2 -C6H4 -CS -C6H4,1.889,*-CC1=CC=C(C=C1)C(=S)C1=CC=C(-*)C=C1
109,CO -C6H4 -CO -C6H4,2.826,*-C(=O)C1=CC=C(C=C1)C(=O)C1=CC=C(-*)C=C1
110,CH2 -C4H2S -CH2 - O,4.313,*-CC1=CC=C(CO-*)S1
111,CH2 -NH -C4H2S -CO,2.987,*-CNC1=CC=C(S1)C(-*)=O
112,CH2 -NH -C6H4 -NH,3.392,*-CNC1=CC=C(N-*)C=C1
113,NH -CS - O -CS,2.557,*-NC(=S)OC(-*)=S
114,CH2 -C6H4 - O -CS,3.054,*-CC1=CC=C(OC(-*)=S)C=C1
115,NH -CS -C4H2S - O,2.562,*-NC(=S)C1=CC=C(O-*)S1
116,CO -C6H4 -C6H4 - O,2.965,*-OC1=CC=C(C=C1)C1=CC=C(C=C1)C(-*)=O
117,CH2 -NH -CH2 -C4H2S,4.226,*-CNCC1=CC=C(-*)S1
118,C4H2S -CS - O -CS,1.912,*-C(=S)OC(=S)C1=CC=C(-*)S1
119,CO -C4H2S -C6H4 -C4H2S,2.505,*-C(=O)C1=CC=C(S1)C1=CC=C(C=C1)C1=CC=C(-*)S1
120,CO -C4H2S -C4H2S -C4H2S,2.08,*-C(=O)C1=CC=C(S1)C1=CC=C(S1)C1=CC=C(-*)S1
121,CH2 -NH -CS -C4H2S,2.571,*-CNC(=S)C1=CC=C(-*)S1
122,NH - O -CS - O,4.333,*-NOC(=S)O-*
123,CH2 -NH -CH2 -NH,5.942,*-CNCN-*
124,C6H4 -CS -C4H2S -C4H2S,1.728,*-C1=CC=C(S1)C1=CC=C(S1)C(=S)C1=CC=C(-*)C=C1
125,NH -CO -C6H4 -CS,1.836,*-NC(=O)C1=CC=C(C=C1)C(-*)=S
126,NH -CO -NH -CO,4.829,*-NC(=O)NC(-*)=O
127,C4H2S -C4H2S - O -CS,2.588,*-C(=S)OC1=CC=C(S1)C1=CC=C(-*)S1
128,NH -CS -NH - O,3.988,*-NC(=S)NO-*
129,CO - O -C4H2S - O,4.016,*-OC1=CC=C(OC(-*)=O)S1
130,CH2 - O -C4H2S - O,4.15,*-COC1=CC=C(O-*)S1
131,NH - O -CO - O,6.731,*-NOC(=O)O-*
132,CH2 -CO - O -CS,2.705,*-CC(=O)OC(-*)=S
133,CH2 - O -C6H4 - O,3.859,*-COC1=CC=C(O-*)C=C1
134,NH -C6H4 -NH - O,3.571,*-NC1=CC=C(NO-*)C=C1
135,CH2 -CH2 -C6H4 -C4H2S,3.526,*-CCC1=CC=C(C=C1)C1=CC=C(-*)S1
136,NH -C4H2S -CS - O,2.612,*-NC1=CC=C(S1)C(=S)O-*
137,C6H4 -C6H4 -C4H2S -C4H2S,2.615,*-C1=CC=C(S1)C1=CC=C(S1)C1=CC=C(C=C1)C1=CC=C(-*)C=C1
138,NH -C4H2S -C6H4 -C4H2S,2.584,*-NC1=CC=C(S1)C1=CC=C(C=C1)C1=CC=C(-*)S1
139,CO -C4H2S -C4H2S - O,2.36,*-OC1=CC=C(S1)C1=CC=C(S1)C(-*)=O
140,NH -C4H2S -CO -CS,1.633,*-NC1=CC=C(S1)C(=O)C(-*)=S
141,NH -C4H2S -C4H2S -C4H2S,2.344,*-NC1=CC=C(S1)C1=CC=C(S1)C1=CC=C(-*)S1
142,CH2 -CH2 -CH2 -C6H4,5.108,*-CCCC1=CC=C(-*)C=C1
143,NH -C4H2S - O -CS,2.55,*-NC1=CC=C(OC(-*)=S)S1
144,CH2 -NH -CS - O,4.24,*-CNC(=S)O-*
145,CH2 -CO - O -C4H2S,4.022,*-CC(=O)OC1=CC=C(-*)S1
146,CO -C6H4 -CS -C6H4,1.753,*-C(=O)C1=CC=C(C=C1)C(=S)C1=CC=C(-*)C=C1
147,NH -CS -C4H2S -CS,1.614,*-NC(=S)C1=CC=C(S1)C(-*)=S
148,NH -CO -C6H4 -C4H2S,3.238,*-NC(=O)C1=CC=C(C=C1)C1=CC=C(-*)S1
149,NH -C4H2S -CS -C4H2S,1.882,*-NC1=CC=C(S1)C(=S)C1=CC=C(-*)S1
150,C6H4 -C4H2S - O -C4H2S,3.31,*-C1=CC=C(OC2=CC=C(S2)C2=CC=C(-*)C=C2)S1
151,C6H4 -C6H4 -C6H4 -CS,1.879,*-C(=S)C1=CC=C(C=C1)C1=CC=C(C=C1)C1=CC=C(-*)C=C1
152,CH2 -C4H2S -CH2 -C4H2S,4.109,*-CC1=CC=C(CC2=CC=C(-*)S2)S1
153,CO -CS -CO - O,1.477,*-OC(=O)C(=S)C(-*)=O
154,CO -C6H4 -C4H2S -C6H4,2.546,*-C(=O)C1=CC=C(C=C1)C1=CC=C(S1)C1=CC=C(-*)C=C1
155,CH2 -NH -CH2 -C6H4,4.318,*-CNCC1=CC=C(-*)C=C1
156,CH2 -C6H4 -CO -C4H2S,3.144,*-CC1=CC=C(C=C1)C(=O)C1=CC=C(-*)S1
157,CH2 - O -CH2 - O,6.436,*-COCO-*
158,CO -C6H4 -C4H2S -C4H2S,2.361,*-C(=O)C1=CC=C(C=C1)C1=CC=C(S1)C1=CC=C(-*)S1
159,CH2 -CO -CS - O,2.161,*-CC(=O)C(=S)O-*
160,NH -CO -CS - O,2.557,*-NC(=O)C(=S)O-*
161,CH2 -CO -CS -CO,1.278,*-CC(=O)C(=S)C(-*)=O
162,CH2 -NH -C6H4 -C4H2S,3.176,*-CNC1=CC=C(C=C1)C1=CC=C(-*)S1
163,NH -CS -C6H4 -CS,1.639,*-NC(=S)C1=CC=C(C=C1)C(-*)=S
164,NH -C6H4 -C6H4 -CH2,3.569,*-CC1=CC=C(C=C1)C1=CC=C(N-*)C=C1
165,NH -CO -NH -CS,2.941,*-NC(=O)NC(-*)=S
166,NH -C4H2S -C4H2S -CS,1.764,*-NC1=CC=C(S1)C1=CC=C(S1)C(-*)=S
167,NH -C6H4 -NH -C6H4,3.313,*-NC1=CC=C(NC2=CC=C(-*)C=C2)C=C1
168,NH -C6H4 -NH -C4H2S,3.149,*-NC1=CC=C(NC2=CC=C(-*)S2)C=C1
169,CH2 -C6H4 -C6H4 -C4H2S,3.19,*-CC1=CC=C(C=C1)C1=CC(=CC=C1)C1=CC=C(-*)S1
170,CH2 -C4H2S -CS -C4H2S,1.802,*-CC1=CC=C(S1)C(=S)C1=CC=C(-*)S1
171,CO -NH -CO -C6H4,3.71,*-C(=O)NC(=O)C1=CC=C(-*)C=C1
172,CH2 -CS -CO -CS,1.492,*-CC(=S)C(=O)C(-*)=S
173,CH2 -CH2 -NH -CS,3.375,*-CCNC(-*)=S
174,CH2 -C4H2S -C4H2S - O,2.817,*-CC1=CC=C(S1)C1=CC=C(O-*)S1
175,CH2 -CO -NH -C4H2S,4.13,*-CC(=O)NC1=CC=C(-*)S1
176,CH2 -CH2 -CO -CS,1.425,*-CCC(=O)C(-*)=S
177,NH -C6H4 -C6H4 -C4H2S,2.93,*-NC1=CC=C(C=C1)C1=CC=C(C=C1)C1=CC=C(-*)S1
178,CH2 -C6H4 -C4H2S -CS,1.834,*-CC1=CC=C(C=C1)C1=CC=C(S1)C(-*)=S
179,C6H4 - O -CS - O,3.903,*-OC(=S)OC1=CC=C(-*)C=C1
180,CH2 - O -NH -CO,5.357,*-CONC(-*)=O
181,NH -C6H4 -C4H2S -C6H4,2.753,*-NC1=CC=C(C=C1)C1=CC=C(S1)C1=CC=C(-*)C=C1
182,C6H4 - O -C4H2S - O,4.061,*-OC1=CC=C(OC2=CC=C(-*)C=C2)S1
183,NH -C6H4 - O -C4H2S,3.606,*-NC1=CC=C(OC2=CC=C(-*)S2)C=C1
184,CH2 -NH -CO -CS,1.827,*-CNC(=O)C(-*)=S
185,CH2 -NH -C6H4 - O,3.538,*-CNC1=CC=C(O-*)C=C1
186,C6H4 -C6H4 -C6H4 -C6H4,3.307,*-C1=CC=C(C=C1)C1=CC=C(C=C1)C1=CC=C(C=C1)C1=CC=C(-*)C=C1
187,CH2 -CO -NH -C6H4,4.296,*-CC(=O)NC1=CC=C(-*)C=C1
188,CH2 -CH2 -CH2 -CH2,8.828,*-CCCC-*
189,NH -CO -C6H4 -C6H4,3.656,*-NC(=O)C1=CC=C(C=C1)C1=CC=C(-*)C=C1
190,NH -CO -CS -C6H4,1.721,*-NC(=O)C(=S)C1=CC=C(-*)C=C1
191,CO -C6H4 -CS -C4H2S,1.787,*-C(=O)C1=CC=C(C=C1)C(=S)C1=CC=C(-*)S1
192,CH2 -CO -CH2 -CO,3.761,*-CC(=O)CC(-*)=O
193,CO - O -C6H4 - O,4.193,*-OC1=CC=C(OC(-*)=O)C=C1
194,NH -CO -C4H2S -CO,3.029,*-NC(=O)C1=CC=C(S1)C(-*)=O
195,CH2 -C6H4 -C4H2S -C4H2S,2.737,*-CC1=CC=C(C=C1)C1=CC=C(S1)C1=CC=C(-*)S1
196,CO -C6H4 -CO -C4H2S,2.867,*-C(=O)C1=CC=C(C=C1)C(=O)C1=CC=C(-*)S1
197,CH2 -C6H4 -CO -CS,1.735,*-CC1=CC=C(C=C1)C(=O)C(-*)=S
198,CH2 -CH2 -C6H4 -CS,1.965,*-CCC1=CC=C(C=C1)C(-*)=S
199,NH -C4H2S -C6H4 -CS,1.85,*-NC1=CC=C(S1)C1=CC=C(C=C1)C(-*)=S
200,CH2 -NH - O -C6H4,4.52,*-CNOC1=CC=C(-*)C=C1
201,CH2 -C6H4 -C6H4 -C6H4,3.533,*-CC1=CC=C(C=C1)C1=CC=C(C=C1)C1=CC=C(-*)C=C1
202,CH2 - O -NH - O,6.258,*-CONO-*
203,CH2 -CH2 -C4H2S -CS,1.939,*-CCC1=CC=C(S1)C(-*)=S
204,NH -CO -NH -C4H2S,4.069,*-NC(=O)NC1=CC=C(-*)S1
205,CH2 -C4H2S -CH2 -CS,2.322,*-CC1=CC=C(CC(-*)=S)S1
206,NH -CO -NH - O,5.284,*-NC(=O)NO-*
207,CO -C6H4 -CS - O,2.34,*-OC(=S)C1=CC=C(C=C1)C(-*)=O
208,CH2 -CH2 - O -NH,6.746,*-CCON-*
209,CH2 -CO -CH2 -C4H2S,3.997,*-CC(=O)CC1=CC=C(-*)S1
210,C6H4 - O -C6H4 - O,4.085,*-OC1=CC=C(OC2=CC=C(-*)C=C2)C=C1
211,CH2 - O -CS - O,3.958,*-COC(=S)O-*
212,NH -CO -C6H4 - O,4.072,*-NC(=O)C1=CC=C(O-*)C=C1
213,C4H2S - O -C4H2S - O,4.103,*-OC1=CC=C(OC2=CC=C(-*)S2)S1
214,CH2 -NH -CO -C6H4,3.951,*-CNC(=O)C1=CC=C(-*)C=C1
215,CH2 -C4H2S - O -C4H2S,3.773,*-CC1=CC=C(OC2=CC=C(-*)S2)S1
216,CH2 -CO - O -CO,4.582,*-CC(=O)OC(-*)=O
217,CH2 -CO -C4H2S -C6H4,3.02,*-CC(=O)C1=CC=C(S1)C1=CC=C(-*)C=C1
218,CH2 -CO -C6H4 -CO,2.795,*-CC(=O)C1=CC=C(C=C1)C(-*)=O
219,NH -C4H2S -C4H2S - O,2.834,*-NC1=CC=C(S1)C1=CC=C(O-*)S1
220,CH2 -CH2 -C4H2S -C4H2S,3.124,*-CCC1=CC=C(S1)C1=CC=C(-*)S1
221,CH2 -NH -CH2 - O,5.758,*-CNCO-*
222,NH -C6H4 -C6H4 -C6H4,3.145,*-NC1=CC=C(C=C1)C1=CC=C(C=C1)C1=CC=C(-*)C=C1
223,C6H4 -CS - O -CS,1.914,*-C(=S)OC(=S)C1=CC=C(-*)C=C1
224,CO -C4H2S -CS - O,2.246,*-OC(=S)C1=CC=C(S1)C(-*)=O
225,NH -C6H4 -C4H2S -C4H2S,2.587,*-NC1=CC=C(C=C1)C1=CC=C(S1)C1=CC=C(-*)S1
226,CH2 -CH2 -CH2 -NH,6.207,*-CCCN-*
227,CH2 -CO -NH -CO,4.232,*-CC(=O)NC(-*)=O
228,NH -CS -C6H4 - O,2.7,*-NC(=S)C1=CC=C(O-*)C=C1
229,CO -C4H2S -CO -C4H2S,2.765,*-C(=O)C1=CC=C(S1)C(=O)C1=CC=C(-*)S1
230,NH -C6H4 - O -CS,2.945,*-NC1=CC=C(OC(-*)=S)C=C1
231,CH2 -C4H2S -CO -CS,1.532,*-CC1=CC=C(S1)C(=O)C(-*)=S
232,CH2 -CO - O -C6H4,4.756,*-CC(=O)OC1=CC=C(-*)C=C1
233,C4H2S -C4H2S -C4H2S -C4H2S,2.019,*-C1=CC=C(S1)C1=CC=C(S1)C1=CC=C(S1)C1=CC=C(-*)S1
234,CO -C6H4 - O -C6H4,3.441,*-C(=O)C1=CC=C(OC2=CC=C(-*)C=C2)C=C1
235,CH2 -CH2 -CH2 -C4H2S,4.506,*-CCCC1=CC=C(-*)S1
236,NH -CO - O -C6H4,4.926,*-NC(=O)OC1=CC=C(-*)C=C1
237,CO -C4H2S - O -CS,2.823,*-C(=S)OC1=CC=C(S1)C(-*)=O
238,C6H4 -C4H2S -C4H2S - O,2.605,*-OC1=CC=C(S1)C1=CC=C(S1)C1=CC=C(-*)C=C1
239,CH2 -CO -C4H2S -C4H2S,2.596,*-CC(=O)C1=CC=C(S1)C1=CC=C(-*)S1
240,CH2 -CO -CH2 -CS,2.174,*-CC(=O)CC(-*)=S
241,NH -C6H4 -C4H2S -CS,1.856,*-NC1=CC=C(C=C1)C1=CC=C(S1)C(-*)=S
242,CH2 -C4H2S -C4H2S -C4H2S,2.328,*-CC1=CC=C(S1)C1=CC=C(S1)C1=CC=C(-*)S1
243,NH -C6H4 -CS - O,2.83,*-NC1=CC=C(C=C1)C(=S)O-*
244,NH -C6H4 -CO -C4H2S,2.887,*-NC1=CC=C(C=C1)C(=O)C1=CC=C(-*)S1
245,CO -C4H2S -CO -CS,1.447,*-C(=S)C(=O)C1=CC=C(S1)C(-*)=O
246,NH -CS -CO - O,2.267,*-NC(=S)C(=O)O-*
247,CH2 -CS -NH -CS,2.051,*-CC(=S)NC(-*)=S
248,C6H4 -C6H4 -C4H2S - O,2.951,*-OC1=CC=C(S1)C1=CC=C(C=C1)C1=CC=C(-*)C=C1
249,CH2 -CO -C4H2S -CO,2.75,*-CC(=O)C1=CC=C(S1)C(-*)=O
250,CH2 -NH -CO -C4H2S,3.946,*-CNC(=O)C1=CC=C(-*)S1
251,CH2 -C6H4 -C6H4 -CS,1.898,*-CC1=CC=C(C=C1)C1=CC=C(C=C1)C(-*)=S
252,CH2 -C6H4 -NH -C4H2S,3.464,*-CC1=CC=C(NC2=CC=C(-*)S2)C=C1
253,C6H4 -C4H2S -C6H4 -CS,1.806,*-C(=S)C1=CC=C(C=C1)C1=CC=C(S1)C1=CC=C(-*)C=C1
254,CH2 -C6H4 -CS -C4H2S,1.845,*-CC1=CC=C(C=C1)C(=S)C1=CC=C(-*)S1
255,C6H4 -C4H2S -CS -C4H2S,1.74,*-C1=CC=C(S1)C(=S)C1=CC=C(S1)C1=CC=C(-*)C=C1
256,C4H2S - O -CS - O,3.82,*-OC(=S)OC1=CC=C(-*)S1
257,CH2 -CS -NH - O,3.256,*-CC(=S)NO-*
258,CH2 -C6H4 -CH2 -C4H2S,4.409,*-CC1=CC=C(CC2=CC=C(-*)S2)C=C1
259,CO - O -CS - O,3.374,*.COC(=S)OC(-*)=O
260,NH -C6H4 - O -C6H4,3.875,*-NC1=CC=C(OC2=CC=C(-*)C=C2)C=C1
261,CH2 -C6H4 -CO -C6H4,3.186,*-CC1=CC=C(C=C1)C(=O)C1=CC=C(-*)C=C1
262,NH -CO - O -CO,5.163,*-NC(=O)OC(-*)=O
263,CO -C4H2S -CS -C4H2S,1.633,*-C(=O)C1=CC=C(S1)C(=S)C1=CC=C(-*)S1
264,CH2 -CS - O -CS,2.214,*-CC(=S)OC(-*)=S
265,C4H2S -CS -C4H2S - O,1.86,*-OC1=CC=C(S1)C(=S)C1=CC=C(-*)S1
266,CO -C4H2S - O -C4H2S,3.325,*-C(=O)C1=CC=C(OC2=CC=C(-*)S2)S1
267,C6H4 -CS -C6H4 - O,1.915,*-OC1=CC=C(C=C1)C(=S)C1=CC=C(-*)C=C1
268,NH - O -C6H4 - O,3.916,*-NOC1=CC=C(O-*)C=C1
269,CH2 -CO -CH2 -C6H4,4.257,*.*-CC(=O)CC1=CC=C(-*)C=C1
270,CH2 -NH - O -CS,3.231,*-CNOC(-*)=S
271,CH2-NH-C4H2S-O,3.881,*-CNC1=CC=C(O-*)S1
272,CH2-CS-C4H2S-CS,1.319,*-CC(=S)C1=CC=C(S1)C(-*)=S
273,CO-C6H4-CO-CS,1.648,*-C(=O)C1=CC=C(C=C1)C(=O)C(-*)=S
274,CH2-CH2-CH2-CO,4.112,*-CCCC(-*)=O
275,CH2-CO-C6H4-C6H4,3.215,*-CC(=O)C1=CC=C(C=C1)C1=CC=C(-*)C=C1
276,CH2-CH2-CS-O,3.309,*-CCC(=S)O-*
277,NH-C4H2S-CS-C6H4,1.964,*-NC1=CC=C(S1)C(=S)C1=CC=C(-*)C=C1
278,CH2-NH-O-C4H2S,4.294,*-CNOC1=CC=C(-*)S1
279,C6H4-C6H4-C6H4-O,3.396,*-OC1=CC=C(C=C1)C1=CC=C(C=C1)C1=CC=C(-*)C=C1
280,NH-C6H4-CO-CS,1.76,*-NC1=CC=C(C=C1)C(=O)C(-*)=S
281,CH2-CH2-C6H4-C6H4,4.02,*-CCC1=CC=C(C=C1)C1=CC=C(-*)C=C1
282,CH2-CS-CH2-CS,1.89,*-CC(=S)CC(-*)=S
283,NH-C6H4-C6H4-CS,1.917,*-NC1=CC=C(C=C1)C1=CC=C(C=C1)C(-*)=S
284,CH2-NH-O-NH,5.865,*-CNON-*